                  epoch,         train/box_loss,         train/cls_loss,         train/dfl_loss,   metrics/precision(B),      metrics/recall(B),       metrics/mAP50(B),    metrics/mAP50-95(B),           val/box_loss,           val/cls_loss,           val/dfl_loss,                 lr/pg0,                 lr/pg1,                 lr/pg2
                      1,                0.97486,                0.48364,                 1.0949,                0.95921,                0.90509,                0.92936,                0.69236,                0.97435,                 0.4057,                 1.0984,             0.00066538,             0.00066538,             0.00066538
                      2,                 1.0142,                0.51232,                  1.112,                0.96262,                0.91102,                0.93427,                0.68494,                 1.0058,                0.40862,                 1.1318,              0.0010683,              0.0010683,              0.0010683
                      3,                 1.0301,                0.52314,                 1.1239,                0.95452,                0.90552,                0.93651,                0.69463,                0.99923,                0.40805,                 1.1276,              0.0012072,              0.0012072,              0.0012072
                      4,                 1.0096,                0.51008,                 1.1118,                0.96643,                0.90423,                 0.9344,                0.69003,                0.98508,                0.39648,                 1.1213,               0.000812,               0.000812,               0.000812
                      5,                0.97859,                0.48735,                 1.0952,                0.95764,                0.91717,                0.93722,                0.70244,                0.94253,                0.37297,                 1.0875,               0.000416,               0.000416,               0.000416
